,Date,Adj Close,daily_return
0,2018-01-02,16.955087661743164,
1,2018-01-03,17.64915657043457,0.04093573106422088
2,2018-01-04,17.698732376098633,0.002808961746484373
3,2018-01-05,17.35169792175293,-0.019607870607408984
4,2018-01-08,17.252546310424805,-0.00571423106691038
5,2018-01-09,17.252546310424805,0.0
6,2018-01-10,17.252546310424805,0.0
7,2018-01-11,17.252546310424805,0.0
8,2018-01-12,17.202970504760742,-0.0028735355797367967
9,2018-01-16,17.103816986083984,-0.005763744037654339
10,2018-01-17,17.143478393554688,0.0023188629475499045
11,2018-01-18,17.153392791748047,0.0005783189365518027
12,2018-01-19,17.550004959106445,0.023121499762379205
13,2018-01-22,17.15226936340332,-0.022662990502275937
14,2018-01-23,17.550003051757812,0.02318840031763436
15,2018-01-24,17.898021697998047,0.019830118844644584
16,2018-01-25,17.400854110717773,-0.02777779553903903
17,2018-01-26,17.699153900146484,0.017142824572328186
18,2018-01-29,17.550003051757812,-0.008427004433666063
19,2018-01-30,17.450569152832028,-0.005665748241327262
20,2018-01-31,17.649436950683594,0.01139606371058055
21,2018-02-01,17.649436950683594,0.0
22,2018-02-02,17.649436950683594,0.0
23,2018-02-05,17.649436950683594,0.0
24,2018-02-06,17.450569152832028,-0.011267656776091317
25,2018-02-07,17.450569152832028,0.0
26,2018-02-08,17.500288009643555,0.0028491252277269563
27,2018-02-09,17.15226936340332,-0.019886452500007867
28,2018-02-12,17.05283546447754,-0.005797127879645925
29,2018-02-13,17.05283546447754,0.0
30,2018-02-14,17.05283546447754,0.0
31,2018-02-15,17.05283546447754,0.0
32,2018-02-16,17.05283546447754,0.0
33,2018-02-20,17.42074203491211,0.021574510069070296
34,2018-02-21,17.599721908569336,0.010273952355102978
35,2018-02-22,17.599721908569336,0.0
36,2018-02-23,17.599721908569336,0.0
37,2018-02-26,18.395187377929688,0.04519761581988613
38,2018-02-27,18.395187377929688,0.0
39,2018-02-28,18.395187377929688,0.0
40,2018-03-01,18.395187377929688,0.0
41,2018-03-02,17.9278507232666,-0.02540537614875238
42,2018-03-05,17.599721908569336,-0.01830274134709431
43,2018-03-06,17.003118515014652,-0.033898455705950514
44,2018-03-07,16.804250717163086,-0.011695960224940793
45,2018-03-08,16.406518936157227,-0.02366852219121174
46,2018-03-09,16.406518936157227,0.0
47,2018-03-12,15.760201454162598,-0.03939394362141335
48,2018-03-13,15.859634399414062,0.006309116386656433
49,2018-03-14,15.909351348876953,0.0031348105644053437
50,2018-03-15,15.959067344665527,0.0031249542925007034
51,2018-03-16,16.108219146728516,0.00934589715312173
52,2018-03-19,15.660767555236815,-0.027777843560228388
53,2018-03-20,15.809917449951172,0.009523792125021524
54,2018-03-21,15.909351348876953,0.006289337008909435
55,2018-03-22,16.257369995117188,0.021875099657334696
56,2018-03-23,16.406518936157227,0.009174235505794215
57,2018-03-26,16.953401565551758,0.03333325195445891
58,2018-03-27,16.953401565551758,0.0
59,2018-03-28,16.068445205688473,-0.05219933925599096
60,2018-03-29,16.903684616088867,0.0519801013544674
61,2018-04-02,16.903684616088867,0.0
62,2018-04-03,16.008785247802734,-0.0529410828828627
63,2018-04-04,15.909351348876953,-0.006211208245137101
64,2018-04-05,15.909351348876953,0.0
65,2018-04-06,15.909351348876953,0.0
66,2018-04-09,15.93918228149414,0.001875056497466332
67,2018-04-10,15.909351348876953,-0.0018715472406525269
68,2018-04-11,16.008785247802734,0.006250028473524072
69,2018-04-12,16.008785247802734,0.0
70,2018-04-13,15.849690437316895,-0.009937968935380459
71,2018-04-16,15.909351348876953,0.0037641688836769216
72,2018-04-17,15.959067344665527,0.0031249542925007034
73,2018-04-18,15.959067344665527,0.0
74,2018-04-19,16.60538673400879,0.04049856895674431
75,2018-04-20,15.760201454162598,-0.050898259304928084
76,2018-04-23,15.959697723388672,0.012658230911977597
77,2018-04-24,15.959697723388672,0.0
78,2018-04-25,15.959697723388672,0.0
79,2018-04-26,16.009571075439453,0.003124955930568385
80,2018-04-27,16.009571075439453,0.0
81,2018-04-30,15.96967315673828,-0.0024921291465691553
82,2018-05-01,16.657936096191403,0.043098123092313534
83,2018-05-02,17.356170654296875,0.04191603053784765
84,2018-05-03,17.356170654296875,0.0
85,2018-05-04,17.306297302246097,-0.00287352279740527
86,2018-05-07,17.306297302246097,0.0
87,2018-05-08,16.957178115844727,-0.0201729567165162
88,2018-05-09,16.957178115844727,0.0
89,2018-05-10,16.957178115844727,0.0
90,2018-05-11,16.657936096191403,-0.01764692318551009
91,2018-05-14,16.80755615234375,0.008981908400198302
92,2018-05-15,16.458438873291016,-0.02077144802541986
93,2018-05-16,16.957178115844727,0.030302949532052592
94,2018-05-17,17.056926727294922,0.005882382715376
95,2018-05-18,16.957178115844727,-0.005847982643354843
96,2018-05-21,17.186599731445312,0.01352946899733376
97,2018-05-22,17.156675338745114,-0.0017411467752662668
98,2018-05-23,16.957178115844727,-0.0116279651483443
99,2018-05-24,17.156675338745114,0.011764765430751556
100,2018-05-25,17.106800079345707,-0.0029070468732815824
101,2018-05-29,17.45591926574707,0.020408211049527614
102,2018-05-30,17.106800079345707,-0.020000045891964247
103,2018-05-31,17.206548690795902,0.00583093337079621
104,2018-06-01,17.356170654296875,0.008695640606939836
105,2018-06-04,17.306297302246097,-0.00287352279740527
106,2018-06-05,18.064382553100586,0.043804011777614615
107,2018-06-06,19.15163803100586,0.06018780186420791
108,2018-06-07,19.94962310791016,0.04166667496599441
109,2018-06-08,19.500755310058594,-0.022500064057530356
110,2018-06-11,19.94962310791016,0.023017969853713183
111,2018-06-12,19.94962310791016,0.0
112,2018-06-13,20.019445419311523,0.0034999313532735332
113,2018-06-14,20.0992431640625,0.003986011754051999
114,2018-06-15,20.04936981201172,-0.0024813547278215164
115,2018-06-18,20.29874038696289,0.012437826090761828
116,2018-06-19,20.19899177551269,-0.004914029617042792
117,2018-06-20,20.398488998413086,0.009876593105119458
118,2018-06-21,20.348613739013672,-0.0024450467582816104
119,2018-06-22,18.35365295410156,-0.09803914952138704
120,2018-06-25,20.19899177551269,0.1005434082264669
121,2018-06-26,20.348613739013672,0.007407397614883404
122,2018-06-27,20.24886512756348,-0.004901985596146408
123,2018-06-28,19.94962310791016,-0.014778211903144212
124,2018-06-29,19.83989906311035,-0.005500056026436995
125,2018-07-02,19.84987449645996,0.000502796577637632
126,2018-07-03,19.999494552612305,0.007537581972068663
127,2018-07-05,20.079294204711914,0.0039900834438431065
128,2018-07-06,20.029420852661133,-0.0024838199760566226
129,2018-07-09,20.19899177551269,0.00846609216007499
130,2018-07-10,20.448362350463867,0.012345694167442911
131,2018-07-11,20.448362350463867,0.0
132,2018-07-12,20.45833778381348,0.0004878353179900152
133,2018-07-13,20.448362350463867,-0.00048759745073256866
134,2018-07-16,20.448362350463867,0.0
135,2018-07-17,20.597984313964844,0.007317063388089906
136,2018-07-18,20.56806182861328,-0.0014526899766243995
137,2018-07-19,20.149118423461914,-0.020368637970961112
138,2018-07-20,20.19899177551269,0.002475212612414124
139,2018-07-23,19.80000114440918,-0.01975299735441305
140,2018-07-24,19.75,-0.002525310177736939
141,2018-07-25,19.75,0.0
142,2018-07-26,19.75,0.0
143,2018-07-27,19.75,0.0
144,2018-07-30,18.950000762939453,-0.04050629048407828
145,2018-07-31,18.899999618530273,-0.002638582712195303
146,2018-08-01,18.899999618530273,0.0
147,2018-08-02,18.5,-0.021164001407603106
148,2018-08-03,17.600000381469727,-0.04864862802866343
149,2018-08-06,17.399999618530273,-0.011363679466167786
150,2018-08-07,17.399999618530273,0.0
151,2018-08-08,18.0,0.034482781300221976
152,2018-08-09,18.0,0.0
153,2018-08-10,18.0,0.0
154,2018-08-13,17.770000457763672,-0.012777752346462723
155,2018-08-14,17.5,-0.015194172808572382
156,2018-08-15,17.40999984741211,-0.005142865862165169
157,2018-08-16,17.379999160766598,-0.001723187071134391
158,2018-08-17,15.600000381469727,-0.1024165054803351
159,2018-08-20,15.600000381469727,0.0
160,2018-08-21,15.550000190734865,-0.003205140353345959
161,2018-08-22,15.600000381469727,0.003215446310068426
162,2018-08-23,15.5,-0.006410280706692251
163,2018-08-24,15.300000190734865,-0.012903213500976451
164,2018-08-27,14.949999809265135,-0.022875841640948358
165,2018-08-28,15.25,0.02006690264630917
166,2018-08-29,14.850000381469727,-0.026229483182312996
167,2018-08-30,14.75,-0.006734032249218647
168,2018-08-31,13.75,-0.06779661016949157
169,2018-09-04,14.899999618530273,0.0836363358931107
170,2018-09-05,15.149999618530273,0.016778523919496635
171,2018-09-06,14.949999809265135,-0.01320130787465601
172,2018-09-07,15.0,0.003344494406205767
173,2018-09-10,14.699999809265135,-0.020000012715657656
174,2018-09-11,14.350000381469727,-0.023809485192973323
175,2018-09-12,14.449999809265135,0.006968601054849977
176,2018-09-13,14.050000190734865,-0.02768163486575248
177,2018-09-14,14.0,-0.0035587323883338184
178,2018-09-17,14.399999618530273,0.028571401323590928
179,2018-09-18,15.0,0.04166669426141034
180,2018-09-19,15.050000190734865,0.0033333460489910482
181,2018-09-20,15.399999618530273,0.02325577563851966
182,2018-09-21,16.950000762939453,0.10064942745479799
183,2018-09-24,15.600000381469727,-0.07964603661974179
184,2018-09-25,15.550000190734865,-0.003205140353345959
185,2018-09-26,14.350000381469727,-0.07717040479395831
186,2018-09-27,15.699999809265135,0.09407661267651757
187,2018-09-28,15.300000190734865,-0.025477683018455544
188,2018-10-01,15.300000190734865,0.0
189,2018-10-02,15.550000190734865,0.016339869077347524
190,2018-10-03,15.600000381469727,0.003215446310068426
191,2018-10-04,15.550000190734865,-0.003205140353345959
192,2018-10-05,15.100000381469727,-0.02893889413154227
193,2018-10-08,15.109999656677244,0.0006622036393977293
194,2018-10-09,15.050000190734865,-0.003970844957356778
195,2018-10-10,14.949999809265135,-0.00664454353504218
196,2018-10-11,15.149999618530273,0.013377913833897859
197,2018-10-12,15.100000381469727,-0.0033002797570629294
198,2018-10-15,14.850000381469727,-0.01655629097246858
199,2018-10-16,15.0600004196167,0.014141416346966418
200,2018-10-17,15.0,-0.003984091497005848
201,2018-10-18,14.989999771118164,-0.0006666819254557144
202,2018-10-19,14.869999885559082,-0.008005329379009773
203,2018-10-22,14.619999885559082,-0.01681237403658531
204,2018-10-23,14.75,0.008891936761868724
205,2018-10-24,13.770000457763672,-0.06644064693127649
206,2018-10-25,13.3100004196167,-0.033405956634345646
207,2018-10-26,13.350000381469727,0.0030052562428228846
208,2018-10-29,14.109999656677244,0.05692878303302695
209,2018-10-30,13.40999984741211,-0.049610193217395016
210,2018-10-31,14.699999809265135,0.09619686625887414
211,2018-11-01,14.600000381469727,-0.006802682251218828
212,2018-11-02,12.979999542236328,-0.11095895869218597
213,2018-11-05,12.5,-0.036979935220677884
214,2018-11-06,13.050000190734865,0.04400001525878916
215,2018-11-07,12.420000076293945,-0.048275870132799104
216,2018-11-08,12.199999809265135,-0.01771338693054636
217,2018-11-09,12.40999984741211,0.017213118150009477
218,2018-11-12,11.859999656677244,-0.04431911341639205
219,2018-11-13,12.0,0.011804413775335476
220,2018-11-14,11.1899995803833,-0.06750003496805823
221,2018-11-15,11.520000457763672,0.029490696135403116
222,2018-11-16,11.25,-0.023437538805105684
223,2018-11-19,11.25,0.0
224,2018-11-20,11.420000076293945,0.015111117892795178
225,2018-11-21,11.390000343322756,-0.002626946827563037
226,2018-11-23,11.399999618530273,0.0008778994649794036
227,2018-11-26,11.5600004196167,0.014035158459685393
228,2018-11-27,12.40999984741211,0.07352935959699503
229,2018-11-28,11.84000015258789,-0.045930677021167154
230,2018-11-29,11.699999809265135,-0.01182435316879249
231,2018-11-30,11.510000228881836,-0.01623928063937574
232,2018-12-03,11.5,-0.0008688295988684702
233,2018-12-04,11.029999732971193,-0.040869588437287496
234,2018-12-06,12.15999984741211,0.10244788230257962
235,2018-12-07,11.65999984741211,-0.041118421568599794
236,2018-12-10,11.1899995803833,-0.04030877128468602
237,2018-12-11,10.869999885559082,-0.028596935373009003
238,2018-12-12,10.699999809265137,-0.015639381608438918
239,2018-12-13,10.550000190734863,-0.014018656187300915
240,2018-12-14,10.550000190734863,0.0
241,2018-12-17,10.779999732971193,0.021800904083235872
242,2018-12-18,10.619999885559082,-0.014842286769520374
243,2018-12-19,11.0,0.0357815554176828
244,2018-12-20,10.550000190734863,-0.04090907356955786
245,2018-12-21,10.0,-0.0521327185584205
246,2018-12-24,10.84000015258789,0.08400001525878897
247,2018-12-26,10.84000015258789,0.0
248,2018-12-27,11.109999656677246,0.02490770297866618
249,2018-12-28,11.699999809265135,0.05310532590640471
250,2018-12-31,11.350000381469727,-0.029914481495824208
251,2019-01-02,11.350000381469727,0.0
252,2019-01-03,11.510000228881836,0.0140969023819002
253,2019-01-04,11.949999809265135,0.03822759093255401
254,2019-01-07,11.449999809265135,-0.04184100485192788
255,2019-01-08,11.449999809265135,0.0
256,2019-01-09,11.869999885559082,0.03668122998168877
257,2019-01-10,12.470000267028807,0.05054763161368503
258,2019-01-11,12.369999885559082,-0.00801927661013202
259,2019-01-14,12.3100004196167,-0.004850401495348988
260,2019-01-15,12.3100004196167,0.0
261,2019-01-16,12.800000190734865,0.03980501660563096
262,2019-01-17,13.40999984741211,0.047656222467776566
263,2019-01-18,13.25,-0.011931383238828808
264,2019-01-22,13.0,-0.018867924528301883
265,2019-01-23,13.0,0.0
266,2019-01-24,12.15999984741211,-0.06461539635291469
267,2019-01-25,12.640000343322756,0.03947372548798178
268,2019-01-28,12.75,0.00870250424758523
269,2019-01-29,12.75,0.0
270,2019-01-30,12.520000457763672,-0.018039179783241432
271,2019-01-31,12.520000457763672,0.0
272,2019-02-01,12.520000457763672,0.0
273,2019-02-04,12.520000457763672,0.0
274,2019-02-05,12.3100004196167,-0.016773165372909515
275,2019-02-06,12.5,0.015434571397781927
276,2019-02-07,12.5,0.0
277,2019-02-08,12.5,0.0
278,2019-02-11,12.199999809265135,-0.024000015258789253
279,2019-02-12,12.350000381469727,0.012295129061451027
280,2019-02-13,12.399999618530273,0.004048521094425883
281,2019-02-14,12.300000190734865,-0.008064470231593512
282,2019-02-15,12.25,-0.004065056094269659
283,2019-02-19,12.5,0.020408163265306145
284,2019-02-20,12.25,-0.020000000000000018
285,2019-02-21,12.710000038146973,0.037551023522201854
286,2019-02-22,12.850000381469727,0.01101497583812483
287,2019-02-25,12.5600004196167,-0.022568089746613618
288,2019-02-26,12.550000190734865,-0.0007961965404249538
289,2019-02-27,12.5,-0.003984078882467101
290,2019-02-28,13.210000038146973,0.05680000305175792
291,2019-03-01,13.640000343322756,0.03255112066116994
292,2019-03-04,13.8100004196167,0.01246334838819596
293,2019-03-05,13.850000381469727,0.002896448996207779
294,2019-03-06,13.850000381469727,0.0
295,2019-03-07,13.800000190734865,-0.0036101219752858738
296,2019-03-08,13.800000190734865,0.0
297,2019-03-11,13.029999732971193,-0.055797133849363245
298,2019-03-12,12.970000267028807,-0.004604717357788113
299,2019-03-13,12.960000038146973,-0.0007710276542750583
300,2019-03-14,13.0600004196167,0.007716078794396619
301,2019-03-15,13.100000381469727,0.003062784116985684
302,2019-03-18,12.760000228881836,-0.025954209365430914
303,2019-03-19,13.119999885559082,0.028213138731957077
304,2019-03-20,12.600000381469727,-0.039634108889109676
305,2019-03-21,12.5600004196167,-0.003174600050953491
306,2019-03-22,12.779999732971193,0.017515868312463656
307,2019-03-25,12.600000381469727,-0.014084456593303818
308,2019-03-26,12.260000228881836,-0.026984138277322156
309,2019-03-27,12.300000190734865,0.0032626395682113785
310,2019-03-28,12.649999618530273,0.02845523759089441
311,2019-03-29,12.369999885559082,-0.022134366910259495
312,2019-04-01,12.529999732971193,0.012934506781919763
313,2019-04-02,12.640000343322756,0.008778979464948433
314,2019-04-03,12.630000114440918,-0.0007911573267574967
315,2019-04-04,12.640000343322756,0.0007917837522743998
316,2019-04-05,12.789999961853027,0.011867058105699435
317,2019-04-08,12.40999984741211,-0.0297107205296554
318,2019-04-09,12.649999618530273,0.01933922434078128
319,2019-04-10,12.729999542236328,0.006324104831502808
320,2019-04-11,13.010000228881836,0.02199534145437365
321,2019-04-12,13.050000190734865,0.0030745550460660187
322,2019-04-15,12.800000190734865,-0.019157087842611165
323,2019-04-16,12.520000457763672,-0.02187497881241185
324,2019-04-17,12.579999923706055,0.004792289436792885
325,2019-04-18,12.899999618530273,0.02543717780325294
326,2019-04-22,12.630000114440918,-0.020930194734386953
327,2019-04-23,12.739999771118164,0.008709394749052635
328,2019-04-24,12.859999656677244,0.009419143462711999
329,2019-04-25,13.270000457763672,0.0318818671875738
330,2019-04-26,12.9399995803833,-0.024868188846768446
331,2019-04-29,12.65999984741211,-0.021638310823105744
332,2019-04-30,12.640000343322756,-0.0015797396785468543
333,2019-05-01,12.600000381469727,-0.0031645538581144272
334,2019-05-02,12.8100004196167,0.016666669189614458
335,2019-05-03,12.15999984741211,-0.050741651125101095
336,2019-05-06,11.949999809265135,-0.017269740195898664
337,2019-05-07,11.949999809265135,0.0
338,2019-05-08,11.710000038146973,-0.02008366317563326
339,2019-05-09,11.960000038146973,0.02134927405513154
340,2019-05-10,12.119999885559082,0.013377913620550297
341,2019-05-13,12.550000190734865,0.03547857336930549
342,2019-05-14,12.029999732971193,-0.04143429879368177
343,2019-05-15,11.970000267028807,-0.004987486888960002
344,2019-05-16,11.899999618530273,-0.005848007262902799
345,2019-05-17,12.0,0.008403393670198822
346,2019-05-20,11.649999618530273,-0.029166698455810547
347,2019-05-21,11.729999542236328,0.006866946465715618
348,2019-05-22,11.729999542236328,0.0
349,2019-05-23,11.449999809265135,-0.02387039589924922
350,2019-05-24,11.0,-0.03930129404028493
351,2019-05-28,11.1899995803833,0.017272689125754637
352,2019-05-29,11.1899995803833,0.0
353,2019-05-30,10.600000381469727,-0.05272557828758784
354,2019-05-31,10.25,-0.03301890272396368
355,2019-06-03,10.59000015258789,0.03317074659394059
356,2019-06-04,11.010000228881836,0.0396600632901134
357,2019-06-05,10.760000228881836,-0.02270662986402039
358,2019-06-06,12.050000190734865,0.11988846974096057
359,2019-06-07,10.800000190734863,-0.10373443819205208
360,2019-06-10,11.0,0.018518500530834592
361,2019-06-11,11.0,0.0
362,2019-06-12,10.970000267028807,-0.0027272484519266227
363,2019-06-13,11.270000457763672,0.02734732756903746
364,2019-06-14,11.25,-0.0017746634384467885
365,2019-06-17,10.989999771118164,-0.02311113145616317
366,2019-06-18,11.100000381469727,0.01000915492652199
367,2019-06-19,11.300000190734865,0.018018000215479058
368,2019-06-20,11.5,0.017699097866309632
369,2019-06-21,11.579999923706055,0.006956515104874272
370,2019-06-24,11.149999618530273,-0.03713301450853246
371,2019-06-25,10.75,-0.035874406476706144
372,2019-06-26,11.279999732971193,0.04930230074150632
373,2019-06-27,10.960000038146973,-0.028368767943217965
374,2019-06-28,11.199999809265137,0.02189778925938235
375,2019-07-01,10.75,-0.040178555082909684
376,2019-07-02,10.84000015258789,0.008372107217478275
377,2019-07-03,10.899999618530273,0.005535006005332743
378,2019-07-05,11.0,0.009174347244904846
379,2019-07-08,10.779999732971193,-0.020000024275346084
380,2019-07-09,10.619999885559082,-0.014842286769520374
381,2019-07-10,10.760000228881836,0.013182706669622846
382,2019-07-11,10.600000381469727,-0.01486987397850048
383,2019-07-12,10.359999656677246,-0.022641576995792834
384,2019-07-15,10.399999618530273,0.003861000306814244
385,2019-07-16,10.399999618530273,0.0
386,2019-07-17,10.449999809265137,0.004807710823928835
387,2019-07-18,10.449999809265137,0.0
388,2019-07-19,10.449999809265137,0.0
389,2019-07-22,10.449999809265137,0.0
390,2019-07-23,10.449999809265137,0.0
391,2019-07-24,10.510000228881836,0.005741667053764221
392,2019-07-25,10.510000228881836,0.0
393,2019-07-26,10.449999809265137,-0.005708888516654409
394,2019-07-29,10.270000457763672,-0.017224818639888784
395,2019-07-30,10.25,-0.0019474641550334404
396,2019-07-31,10.479999542236328,0.022438979730373454
397,2019-08-01,10.470000267028807,-0.0009541293553708696
398,2019-08-02,9.989999771118164,-0.04584531840196959
399,2019-08-05,9.920000076293944,-0.0070069766194184036
400,2019-08-06,9.90999984741211,-0.0010080875811414591
401,2019-08-07,9.75,-0.016145292621158935
402,2019-08-08,9.380000114440918,-0.037948706211187955
403,2019-08-09,9.5,0.012793164615673813
404,2019-08-12,9.539999961853027,0.004210522300318598
405,2019-08-13,9.18000030517578,-0.037735813219785586
406,2019-08-14,9.34000015258789,0.017429176698600113
407,2019-08-15,9.199999809265137,-0.014989329875327972
408,2019-08-16,9.420000076293944,0.02391307299889811
409,2019-08-19,9.4399995803833,0.002123089588893734
410,2019-08-20,9.100000381469727,-0.036016865892675054
411,2019-08-21,9.100000381469727,0.0
412,2019-08-22,8.899999618530273,-0.021978104896205664
413,2019-08-23,9.300000190734863,0.04494388644374414
414,2019-08-26,9.18000030517578,-0.012903213236343136
415,2019-08-27,9.06999969482422,-0.011982636894852794
416,2019-08-28,9.399999618530273,0.036383675282190664
417,2019-08-29,10.4399995803833,0.11063829830406258
418,2019-08-30,10.260000228881836,-0.017241317886610097
419,2019-09-03,10.0,-0.025341152347144846
420,2019-09-04,10.5600004196167,0.056000041961669966
421,2019-09-05,10.5600004196167,0.0
422,2019-09-06,10.5,-0.005681857692471315
423,2019-09-09,11.0,0.04761904761904767
424,2019-09-10,10.859999656677246,-0.012727303938432133
425,2019-09-11,11.0,0.012891376404112087
426,2019-09-12,11.18000030517578,0.016363664106888942
427,2019-09-13,11.199999809265137,0.0017888643598782394
428,2019-09-16,11.390000343322756,0.016964333686902533
429,2019-09-17,10.970000267028807,-0.03687445685988666
430,2019-09-18,10.970000267028807,0.0
431,2019-09-19,11.25,0.02552413182821467
432,2019-09-20,11.239999771118164,-0.0008889092339410265
433,2019-09-23,11.149999618530273,-0.008007131176207993
434,2019-09-24,10.770000457763672,-0.034080643387204956
435,2019-09-25,10.59000015258789,-0.016713119547365096
436,2019-09-26,10.960000038146973,0.03493861003096055
437,2019-09-27,10.300000190734863,-0.0602189639703411
438,2019-09-30,10.34000015258789,0.0038834913701271123
439,2019-10-01,10.949999809265137,0.05899416321812878
440,2019-10-02,10.510000228881836,-0.04018261078059593
441,2019-10-03,10.75,0.02283537258720858
442,2019-10-04,10.43000030517578,-0.0297674134720205
443,2019-10-07,10.1899995803833,-0.023010615318331373
444,2019-10-08,10.300000190734863,0.010794957299441243
445,2019-10-09,10.300000190734863,0.0
446,2019-10-10,10.279999732971193,-0.0019417919799322725
447,2019-10-11,10.5,0.021400804741579682
448,2019-10-14,10.399999618530273,-0.009523845854259694
449,2019-10-15,10.449999809265137,0.004807710823928835
450,2019-10-16,10.579999923706056,0.01244020256590428
451,2019-10-17,10.5,-0.0075614295163466405
452,2019-10-18,10.899999618530273,0.03809520176478798
453,2019-10-21,10.850000381469727,-0.004587086129392737
454,2019-10-22,10.75,-0.009216624696208542
455,2019-10-23,10.600000381469727,-0.013953452886537043
456,2019-10-24,10.399999618530273,-0.018867995824705996
457,2019-10-25,10.579999923706056,0.017307722286361127
458,2019-10-28,10.579999923706056,0.0
459,2019-10-29,10.520000457763672,-0.005671027067585044
460,2019-10-30,10.520000457763672,0.0
461,2019-10-31,10.5,-0.0019011841153402376
462,2019-11-01,10.75,0.023809523809523725
463,2019-11-04,10.93000030517578,0.016744214434956328
464,2019-11-05,10.859999656677246,-0.006404450735960632
465,2019-11-06,10.880000114440918,0.001841662835723401
466,2019-11-07,10.8100004196167,-0.006433795412493448
467,2019-11-08,10.8100004196167,0.0
468,2019-11-11,10.850000381469727,0.003700273848319169
469,2019-11-12,10.829999923706056,-0.001843360097740443
470,2019-11-13,10.630000114440918,-0.018467203201668947
471,2019-11-14,10.390000343322754,-0.022577588761464207
472,2019-11-15,10.539999961853027,0.01443692142191999
473,2019-11-18,10.5,-0.003795062808140126
474,2019-11-19,10.40999984741211,-0.008571443103608578
475,2019-11-20,10.100000381469727,-0.02977900773163289
476,2019-11-21,10.369999885559082,0.026732623157591062
477,2019-11-22,11.369999885559082,0.09643201649332389
478,2019-11-25,11.979999542236328,0.053649926369128575
479,2019-11-26,12.579999923706055,0.050083506210027995
480,2019-11-27,12.380000114440918,-0.015898236127033005
481,2019-11-29,12.75,0.02988690485773815
482,2019-12-02,12.550000190734865,-0.015686259550206638
483,2019-12-03,12.529999732971193,-0.0015936619489804738
484,2019-12-04,12.510000228881836,-0.001596129650085376
485,2019-12-05,12.420000076293945,-0.007194256669964538
486,2019-12-06,12.0,-0.03381643105587406
487,2019-12-09,12.140000343322756,0.011666695276896233
488,2019-12-10,12.140000343322756,0.0
489,2019-12-11,11.90999984741211,-0.018945674580408967
490,2019-12-12,12.149999618530273,0.020151114541811843
491,2019-12-13,11.869999885559082,-0.023045246235576577
492,2019-12-16,11.75,-0.010109510254087906
493,2019-12-17,11.649999618530273,-0.008510670763380968
494,2019-12-18,11.630000114440918,-0.0017166956861993654
495,2019-12-19,11.300000190734865,-0.028374885680034767
496,2019-12-20,11.109999656677246,-0.01681420626996133
497,2019-12-23,11.81999969482422,0.06390639604747927
498,2019-12-24,11.75,-0.005922140154950406
499,2019-12-26,11.56999969482422,-0.015319174908576927
500,2019-12-27,11.470000267028807,-0.008642993122994436
501,2019-12-30,11.510000228881836,0.0034873549190763686
502,2019-12-31,11.6899995803833,0.01563851849887854
503,2020-01-02,11.6899995803833,0.0
504,2020-01-03,11.65999984741211,-0.0025662732290883117
505,2020-01-06,11.699999809265135,0.003430528505701691
506,2020-01-07,11.699999809265135,0.0
507,2020-01-08,11.8100004196167,0.009401761721778534
508,2020-01-09,11.789999961853027,-0.0016935188021205416
509,2020-01-10,11.75,-0.0033927024582229848
510,2020-01-13,11.56999969482422,-0.015319174908576927
511,2020-01-14,11.300000190734865,-0.023336172101209196
512,2020-01-15,11.479999542236328,0.0159291458817008
513,2020-01-16,11.649999618530273,0.01480836960563403
514,2020-01-17,11.600000381469727,-0.0042917801457279525
515,2020-01-21,12.1899995803833,0.0508619982337295
516,2020-01-22,12.170000076293945,-0.0016406484641344754
517,2020-01-23,12.25,0.006573535185253387
518,2020-01-24,12.380000114440918,0.010612254240074837
519,2020-01-27,11.90999984741211,-0.03796448002294983
520,2020-01-28,12.140000343322756,0.01931154482429509
521,2020-01-29,12.279999732971193,0.011532074603724407
522,2020-01-30,11.850000381469727,-0.03501623459705294
523,2020-01-31,11.960000038146973,0.009282671150733224
524,2020-02-03,11.75,-0.017558531561636115
525,2020-02-04,12.0,0.02127659574468077
526,2020-02-05,11.9399995803833,-0.005000034968058231
527,2020-02-06,11.850000381469727,-0.007537621614446044
528,2020-02-07,11.890000343322756,0.0033755240983432966
529,2020-02-10,11.649999618530273,-0.020185089811815105
530,2020-02-11,11.649999618530273,0.0
531,2020-02-12,11.949999809265135,0.025751090176662883
532,2020-02-13,12.0,0.004184116446269703
533,2020-02-14,12.020000457763672,0.001666704813639397
534,2020-02-18,11.93000030517578,-0.007487533208017649
535,2020-02-19,12.0,0.005867535040535721
536,2020-02-20,12.0600004196167,0.005000034968058342
537,2020-02-21,12.0600004196167,0.0
538,2020-02-24,12.329999923706055,0.022388017802236204
539,2020-02-25,11.970000267028807,-0.029197052628126996
540,2020-02-26,12.020000457763672,0.0041771252814915005
541,2020-02-27,11.5,-0.04326126771715766
542,2020-02-28,11.149999618530273,-0.0304348157799762
543,2020-03-02,11.380000114440918,0.020627847872604743
544,2020-03-03,11.119999885559082,-0.022847120058628323
545,2020-03-04,11.140000343322754,0.0017986023353870895
546,2020-03-05,10.850000381469727,-0.02603231175184406
547,2020-03-06,10.4399995803833,-0.037788090937457386
548,2020-03-09,9.850000381469727,-0.056513335500719686
549,2020-03-10,10.079999923706056,0.023350206429333387
550,2020-03-11,9.800000190734863,-0.02777775149707018
551,2020-03-12,9.25,-0.0561224673500359
552,2020-03-13,9.100000381469727,-0.016216174976245723
553,2020-03-16,9.079999923706056,-0.0021978524093687613
554,2020-03-17,9.149999618530273,0.007709217556429948
555,2020-03-18,9.5,0.038251409405626324
556,2020-03-19,9.420000076293944,-0.008421044600637528
557,2020-03-20,9.239999771118164,-0.019108312496595614
558,2020-03-23,8.90999984741211,-0.03571427834203511
559,2020-03-24,8.899999618530273,-0.001122360163085756
560,2020-03-25,8.979999542236328,0.008988755857864295
561,2020-03-26,8.880000114440918,-0.011135794308794189
562,2020-03-27,9.0600004196167,0.020270304375678894
563,2020-03-30,9.050000190734863,-0.001103777971155906
564,2020-03-31,8.899999618530273,-0.016574648513063672
565,2020-04-01,8.890000343322754,-0.0011235141164164242
566,2020-04-02,8.800000190734863,-0.010123751306206574
567,2020-04-03,8.75,-0.005681839733083893
568,2020-04-06,8.899999618530273,0.01714281354631697
569,2020-04-07,9.100000381469727,0.022471996799083183
570,2020-04-08,8.949999809265137,-0.01648357867215422
571,2020-04-09,9.0,0.005586613608986157
572,2020-04-13,9.010000228881836,0.0011111365424261166
573,2020-04-14,9.06999969482422,0.00665920803753739
574,2020-04-15,9.020000457763672,-0.00551259523074521
575,2020-04-16,8.649999618530272,-0.04102004661373759
576,2020-04-17,9.079999923706056,0.04971102013168016
577,2020-04-20,9.050000190734863,-0.0033039353770113467
578,2020-04-21,9.06999969482422,0.0022098899080502665
579,2020-04-22,9.170000076293944,0.011025400753517989
580,2020-04-23,9.020000457763672,-0.016357646377566204
581,2020-04-24,9.199999809265137,0.019955581193628058
582,2020-04-27,9.239999771118164,0.004347822030685622
583,2020-04-28,9.25,0.0010822758798212373
584,2020-04-29,9.279999732971193,0.003243214375264092
585,2020-04-30,9.300000190734863,0.0021552218037905746
586,2020-05-01,9.130000114440918,-0.018279577721225015
587,2020-05-04,9.170000076293944,0.004381156774549977
588,2020-05-05,9.229999542236328,0.006543016951275016
589,2020-05-06,9.399999618530273,0.018418210696114157
590,2020-05-07,9.5,0.010638338885950116
591,2020-05-08,10.5,0.10526315789473695
592,2020-05-11,10.5,0.0
593,2020-05-12,10.1899995803833,-0.029523849487304688
594,2020-05-13,10.029999732971193,-0.01570165397456169
595,2020-05-14,10.0,-0.0029910003758600867
596,2020-05-15,10.199999809265137,0.019999980926513672
597,2020-05-18,10.800000190734863,0.058823567910728514
598,2020-05-19,11.350000381469727,0.05092594268717687
599,2020-05-20,11.600000381469727,0.02202643097776069
600,2020-05-21,11.43000030517578,-0.014655178508917288
601,2020-05-22,11.90999984741211,0.04199470948561346
602,2020-05-26,10.8100004196167,-0.09235931502001038
603,2020-05-27,10.380000114440918,-0.03977801003554704
604,2020-05-28,10.199999809265137,-0.017341069671604314
605,2020-05-29,10.449999809265137,0.0245098043798897
606,2020-06-01,10.789999961853027,0.032535900363025894
607,2020-06-02,11.119999885559082,0.030583866994692954
608,2020-06-03,11.199999809265137,0.007194237817389482
609,2020-06-04,11.1899995803833,-0.0008928775939409661
610,2020-06-05,10.520000457763672,-0.059874812130840005
611,2020-06-08,10.850000381469727,0.031368812675527824
612,2020-06-09,10.829999923706056,-0.001843360097740443
613,2020-06-10,11.140000343322754,0.028624231006514567
614,2020-06-11,11.220000267028807,0.007181321475811631
615,2020-06-12,11.0,-0.019607866469959156
616,2020-06-15,10.869999885559082,-0.011818192221901613
617,2020-06-16,10.729999542236328,-0.012879516540634572
618,2020-06-17,10.670000076293944,-0.005591749161424464
619,2020-06-18,10.739999771118164,0.00656042121121847
620,2020-06-19,11.18000030517578,0.04096839324343926
621,2020-06-22,10.75,-0.03846156470825057
622,2020-06-23,10.979999542236328,0.021395306254542223
623,2020-06-24,10.600000381469727,-0.03460830388060343
624,2020-06-25,10.619999885559082,0.0018867456009075134
625,2020-06-26,10.699999809265137,0.007532949582686577
626,2020-06-29,10.25,-0.04205605769034515
627,2020-06-30,10.149999618530273,-0.009756134777534342
628,2020-07-01,10.050000190734863,-0.009852160744208027
629,2020-07-02,10.43000030517578,0.03781095594318895
630,2020-07-06,10.34000015258789,-0.008628969314912416
631,2020-07-07,10.420000076293944,0.007736936414457496
632,2020-07-08,10.600000381469727,0.01727450132992736
633,2020-07-09,10.529999732971193,-0.006603834526355712
634,2020-07-10,10.59000015258789,0.0056980456921404965
635,2020-07-13,10.550000190734863,-0.0037771445964760453
636,2020-07-14,10.329999923706056,-0.020853105502501634
637,2020-07-15,11.09000015258789,0.07357214273910384
638,2020-07-16,10.800000190734863,-0.026149680600802805
639,2020-07-17,10.8100004196167,0.0009259471023357335
640,2020-07-20,11.020000457763672,0.019426459759047665
641,2020-07-21,11.050000190734863,0.002722298704630033
642,2020-07-22,11.800000190734865,0.06787330199585484
643,2020-07-23,11.699999809265135,-0.008474608462146316
644,2020-07-24,11.510000228881836,-0.01623928063937574
645,2020-07-27,11.739999771118164,0.019982583637070173
646,2020-07-28,11.75,0.0008518082688926398
647,2020-07-29,11.800000190734865,0.004255335381690539
648,2020-07-30,11.699999809265135,-0.008474608462146316
649,2020-07-31,14.979999542236328,0.28034186208907363
650,2020-08-03,15.609999656677244,0.04205608369109903
651,2020-08-04,16.399999618530273,0.050608582910192546
652,2020-08-05,17.0,0.036585389964996606
653,2020-08-06,17.149999618530273,0.008823506972369
654,2020-08-07,17.100000381469727,-0.002915407473626064
655,2020-08-10,16.700000762939453,-0.02339179003549785
656,2020-08-11,16.719999313354492,0.0011975179342158526
657,2020-08-12,17.399999618530273,0.040669876381672854
658,2020-08-13,18.450000762939453,0.06034489467982351
659,2020-08-14,17.899999618530273,-0.02981035889786887
660,2020-08-17,16.819999694824222,-0.060335192554307304
661,2020-08-18,16.25,-0.033888210770873006
662,2020-08-19,16.049999237060547,-0.012307739257812478
663,2020-08-20,16.170000076293945,0.007476688158109646
664,2020-08-21,15.300000190734865,-0.05380333218640765
665,2020-08-24,16.670000076293945,0.08954247506406587
666,2020-08-25,16.239999771118164,-0.0257948592206233
667,2020-08-26,16.760000228881836,0.032019733072192524
668,2020-08-27,15.65999984741211,-0.06563248009830813
669,2020-08-28,16.40999984741211,0.04789272077317053
670,2020-08-31,16.899999618530273,0.029859827889970214
671,2020-09-01,17.420000076293945,0.030769258550367606
672,2020-09-02,16.899999618530273,-0.029850772415972338
673,2020-09-03,16.549999237060547,-0.020710082211242375
674,2020-09-04,16.309999465942386,-0.014501497412805153
675,2020-09-08,16.610000610351562,0.018393694312229814
676,2020-09-09,18.459999084472656,0.1113785915798311
677,2020-09-10,18.0,-0.024918694869252578
678,2020-09-11,17.049999237060547,-0.0527778201633029
679,2020-09-14,16.120000839233402,-0.05454536301712343
680,2020-09-15,15.8100004196167,-0.019230794260395645
681,2020-09-16,16.139999389648438,0.02087279957452015
682,2020-09-17,15.850000381469727,-0.017967721136638026
683,2020-09-18,16.049999237060547,0.012618224023807523
684,2020-09-21,15.5600004196167,-0.030529522787291263
685,2020-09-22,17.75,0.1407454705221176
686,2020-09-23,17.5,-0.014084507042253502
687,2020-09-24,17.899999618530273,0.02285712105887283
688,2020-09-25,19.739999771118164,0.10279330680449306
689,2020-09-28,19.65999984741211,-0.004052681085797372
690,2020-09-29,19.81999969482422,0.008138344285550492
691,2020-09-30,19.8799991607666,0.0030272183080835013
692,2020-10-01,19.96999931335449,0.004527170844428552
693,2020-10-02,19.81999969482422,-0.007511248056476405
694,2020-10-05,20.0,0.009081751157785645
695,2020-10-06,20.920000076293945,0.046000003814697266
696,2020-10-07,21.540000915527344,0.02963675128930654
697,2020-10-08,21.149999618530273,-0.018105909026026712
698,2020-10-09,21.209999084472656,0.0028368542328396362
699,2020-10-12,21.600000381469727,0.018387614984980427
700,2020-10-13,21.5,-0.004629647208502563
701,2020-10-14,21.25,-0.011627906976744207
702,2020-10-15,20.979999542236328,-0.012705903894761006
703,2020-10-16,21.0,0.0009533106863710561
704,2020-10-19,20.690000534057614,-0.014761879330589811
705,2020-10-20,22.25,0.07539871559570455
706,2020-10-21,21.229999542236328,-0.045842717202861705
707,2020-10-22,21.0,-0.01083370453111654
708,2020-10-23,20.90999984741211,-0.004285721551804289
709,2020-10-26,20.780000686645508,-0.006217080904603156
710,2020-10-27,21.25,0.02261786803773025
711,2020-10-28,20.61000061035156,-0.030117618336397256
712,2020-10-29,20.899999618530273,0.014070790858349502
713,2020-10-30,20.07999992370605,-0.03923443587516606
714,2020-11-02,21.5,0.07071713554229264
715,2020-11-03,21.21999931335449,-0.013023287750954071
716,2020-11-04,22.5,0.06032048671368062
717,2020-11-05,22.690000534057607,0.008444468180338172
718,2020-11-06,22.1200008392334,-0.02512118472490299
719,2020-11-09,21.600000381469727,-0.023508157234848115
720,2020-11-10,21.850000381469727,0.011574073869668577
721,2020-11-11,23.5,0.07551485536492653
722,2020-11-12,23.5,0.0
723,2020-11-13,23.209999084472656,-0.012340464490525282
724,2020-11-16,22.809999465942386,-0.01723393512746263
725,2020-11-17,21.520000457763672,-0.05655410076202816
726,2020-11-18,21.36000061035156,-0.007434936989250462
727,2020-11-19,21.420000076293945,0.0028089636810828544
728,2020-11-20,21.5,0.0037348236891274755
729,2020-11-23,21.01000022888184,-0.022790687028751644
730,2020-11-24,20.350000381469727,-0.03141360496059542
731,2020-11-25,20.100000381469727,-0.01228501205472432
732,2020-11-27,19.989999771118164,-0.005472667077806248
733,2020-11-30,20.989999771118164,0.05002501307903029
734,2020-12-01,19.88999938964844,-0.052405926320366225
735,2020-12-02,21.11000061035156,0.061337418709930036
736,2020-12-03,20.899999618530273,-0.009947938690172742
737,2020-12-04,19.86000061035156,-0.0497607190029149
738,2020-12-07,19.71999931335449,-0.0070494105082805625
739,2020-12-08,19.280000686645508,-0.022312304362557045
740,2020-12-09,19.31999969482422,0.0020746372797806334
741,2020-12-10,20.100000381469727,0.040372706985832396
742,2020-12-11,19.59000015258789,-0.02537314523396761
743,2020-12-14,19.5,-0.0045941884577270775
744,2020-12-15,19.1200008392334,-0.019487136449569342
745,2020-12-16,19.200000762939453,0.0041840962444885665
746,2020-12-17,19.899999618530273,0.0364582722799669
747,2020-12-18,20.5,0.030150773516147478
748,2020-12-21,20.21999931335449,-0.013658570080268828
749,2020-12-22,20.600000381469727,0.018793327449040165
750,2020-12-23,20.09000015258789,-0.024757292205712544
751,2020-12-24,19.520000457763672,-0.028372309133645968
752,2020-12-28,18.5,-0.052254120586251784
753,2020-12-29,17.950000762939453,-0.02972968848975932
754,2020-12-30,18.399999618530273,0.025069573062075357
755,2020-12-31,17.510000228881836,-0.04836953304891034
756,2021-01-04,17.299999237060547,-0.011993203259638041
757,2021-01-05,17.950000762939453,0.03757234419331379
758,2021-01-06,18.90999984741211,0.053481840872938724
759,2021-01-07,18.920000076293945,0.0005288328377857088
760,2021-01-08,19.26000022888184,0.01797040968376651
761,2021-01-11,19.700000762939453,0.02284530263908291
762,2021-01-12,22.01000022888184,0.1172588515980193
763,2021-01-13,22.09000015258789,0.0036347079906466906
764,2021-01-14,21.25,-0.03802626286942257
765,2021-01-15,21.479999542236328,0.010823507869944793
766,2021-01-19,22.209999084472656,0.03398508183396021
767,2021-01-20,22.440000534057614,0.01035576132669691
768,2021-01-21,22.290000915527344,-0.006684474819981023
769,2021-01-22,22.06999969482422,-0.009869951173930636
770,2021-01-25,22.3799991607666,0.014046192579471706
771,2021-01-26,21.899999618530273,-0.021447701529756724
772,2021-01-27,19.799999237060547,-0.09589043004790054
773,2021-01-28,21.07999992370605,0.06464650181650855
774,2021-01-29,19.56999969482422,-0.07163188967490097
775,2021-02-01,21.200000762939453,0.0832908070277758
776,2021-02-02,20.809999465942386,-0.018396286932161
777,2021-02-03,21.0,0.009130251750778084
778,2021-02-04,20.75,-0.011904761904761862
779,2021-02-05,21.15999984741211,0.019759028790945043
780,2021-02-08,22.5,0.06332703980391452
781,2021-02-09,23.75,0.05555555555555558
782,2021-02-10,23.399999618530273,-0.014736858167146427
783,2021-02-11,22.25,-0.04914528364434667
784,2021-02-12,22.86000061035156,0.027415757768609383
785,2021-02-16,23.29999923706055,0.019247533462871003
786,2021-02-17,22.5,-0.0343347323285782
787,2021-02-18,22.809999465942386,0.01377775404188375
788,2021-02-19,23.8700008392334,0.04647090741381654
789,2021-02-22,24.86000061035156,0.04147464333101203
790,2021-02-23,23.11000061035156,-0.0703942058340622
791,2021-02-24,23.649999618530273,0.023366464470660153
792,2021-02-25,21.489999771118164,-0.09133191891130954
793,2021-02-26,21.86000061035156,0.017217349612570265
794,2021-03-01,22.8700008392334,0.046203119884798305
795,2021-03-02,22.690000534057607,-0.00787058585791578
796,2021-03-03,21.600000381469727,-0.04803878919931248
797,2021-03-04,21.1200008392334,-0.02222220063700142
798,2021-03-05,20.420000076293945,-0.03314397420094328
799,2021-03-08,21.34000015258789,0.04505387232402591
800,2021-03-09,22.489999771118164,0.053889391298378886
801,2021-03-10,22.88999938964844,0.017785665744824097
802,2021-03-11,22.84000015258789,-0.0021843267100811747
803,2021-03-12,23.5,0.028896665630596674
804,2021-03-15,24.82999992370605,0.05659574143430013
805,2021-03-16,25.420000076293945,0.02376158495371561
806,2021-03-17,24.28000068664551,-0.04484655335275034
807,2021-03-18,25.20000076293945,0.037891270604450966
808,2021-03-19,24.290000915527344,-0.03611110396275874
809,2021-03-22,23.29999923706055,-0.040757580944920324
810,2021-03-23,22.82999992370605,-0.02017164501048252
811,2021-03-24,22.200000762939453,-0.027595232714496154
812,2021-03-25,21.540000915527344,-0.02972972183469058
813,2021-03-26,21.489999771118164,-0.0023213157977692855
814,2021-03-29,21.0,-0.022801292523823458
815,2021-03-30,21.270000457763672,0.012857164655412978
816,2021-03-31,21.93000030517578,0.031029611340285923
817,2021-04-01,22.70000076293945,0.03511173949149193
818,2021-04-05,23.5,0.03524225595475072
819,2021-04-06,24.28000068664551,0.03319151858066016
820,2021-04-07,24.5,0.009060926982407125
821,2021-04-08,23.899999618530273,-0.02448981148856022
822,2021-04-09,24.63999938964844,0.03096233401378079
823,2021-04-12,24.01000022888184,-0.025568148391727274
824,2021-04-13,23.739999771118164,-0.011245333410654812
825,2021-04-14,23.54999923706055,-0.008003392413203247
826,2021-04-15,22.79999923706055,-0.03184713478970003
827,2021-04-16,24.059999465942386,0.05526316978264423
828,2021-04-19,23.53000068664551,-0.022028212429809235
829,2021-04-20,24.79999923706055,0.05397358747787151
830,2021-04-21,24.79999923706055,0.0
831,2021-04-22,25.399999618530273,0.02419356451322363
832,2021-04-23,25.57999992370605,0.007086626294453113
833,2021-04-26,25.79999923706055,0.008600442299087518
834,2021-04-27,27.229999542236328,0.055426370056695484
835,2021-04-28,28.82999992370605,0.05875873699476086
836,2021-04-29,27.56999969482422,-0.04370448256039616
837,2021-04-30,27.729999542236328,0.00580340403275903
838,2021-05-03,28.40999984741211,0.024522189556478446
839,2021-05-04,28.65999984741211,0.008799718456273586
840,2021-05-05,29.0,0.011863229392814922
841,2021-05-06,27.690000534057607,-0.04517239537732387
842,2021-05-07,27.809999465942386,0.00433365581691425
843,2021-05-10,27.25,-0.020136622678766702
844,2021-05-11,28.28000068664551,0.037798190335615045
845,2021-05-12,27.489999771118164,-0.027934968046178454
846,2021-05-13,25.479999542236328,-0.07311750620651525
847,2021-05-14,25.239999771118164,-0.00941914346271211
848,2021-05-17,25.11000061035156,-0.0051505214716903724
849,2021-05-18,25.63999938964844,0.02110707950673607
850,2021-05-19,27.5,0.07254292724759148
851,2021-05-20,27.25,-0.009090909090909038
852,2021-05-21,26.71999931335449,-0.019449566482404035
853,2021-05-24,25.84000015258789,-0.03293410117442552
854,2021-05-25,25.020000457763672,-0.031733734132431746
855,2021-05-26,26.20000076293945,0.047162281518249305
856,2021-05-27,25.6299991607666,-0.021755785708950426
857,2021-05-28,25.8799991607666,0.00975419462294358
858,2021-06-01,25.86000061035156,-0.0007727415403228077
859,2021-06-02,25.5,-0.01392113696267483
860,2021-06-03,25.8799991607666,0.014901927873200105
861,2021-06-04,26.0,0.004636817740524268
862,2021-06-07,25.959999084472656,-0.0015384967510516656
863,2021-06-08,26.01000022888184,0.001926084213118795
864,2021-06-09,26.5,0.01883889914672343
865,2021-06-10,26.1200008392334,-0.014339590972324623
866,2021-06-11,26.239999771118164,0.004594139664211738
867,2021-06-14,25.85000038146973,-0.014862781747342013
868,2021-06-15,25.520000457763672,-0.012765954307010996
869,2021-06-16,25.03000068664551,-0.01920061764611347
870,2021-06-17,24.399999618530273,-0.025169838227426355
871,2021-06-18,25.459999084472656,0.04344260174239434
872,2021-06-21,25.06999969482422,-0.015318122689418567
873,2021-06-22,25.20000076293945,0.00518552332260569
874,2021-06-23,25.70000076293945,0.01984126924056806
875,2021-06-24,25.6299991607666,-0.0027237976690566157
876,2021-06-25,24.899999618530273,-0.028482230438531708
877,2021-06-28,25.989999771118164,0.04377510720027189
878,2021-06-29,27.10000038146973,0.04270875798871976
879,2021-06-30,27.1200008392334,0.0007380242613332921
880,2021-07-01,25.70000076293945,-0.05235988319881213
881,2021-07-02,26.25,0.021400747888446592
882,2021-07-06,25.79999923706055,-0.017142886207217156
883,2021-07-07,25.239999771118164,-0.021705406298538676
884,2021-07-08,25.559999465942386,0.012678276455073245
885,2021-07-09,26.79999923706055,0.048513294093390336
886,2021-07-12,27.770000457763672,0.036194076429739264
887,2021-07-13,28.57999992370605,0.02916814737451423
888,2021-07-14,28.01000022888184,-0.019944006170252604
889,2021-07-15,27.60000038146973,-0.01463762385083267
890,2021-07-16,27.53000068664551,-0.002536220791910404
891,2021-07-19,26.79999923706055,-0.026516579417997455
892,2021-07-20,28.03000068664551,0.04589557778360098
893,2021-07-21,28.21999931335449,0.006778402499272751
894,2021-07-22,28.04999923706055,-0.006024099235661162
895,2021-07-23,27.989999771118164,-0.0021390184518477184
896,2021-07-26,27.38999938964844,-0.021436241028084613
897,2021-07-27,27.479999542236328,0.0032858763999059626
898,2021-07-28,26.88999938964844,-0.02147016602678853
899,2021-07-29,27.68000030517578,0.029378985996982188
900,2021-07-30,27.959999084472656,0.010115562724344329
901,2021-08-02,27.170000076293945,-0.028254614951594537
902,2021-08-03,28.479999542236328,0.04821492316024578
903,2021-08-04,27.61000061035156,-0.030547715795941177
904,2021-08-05,27.54999923706055,-0.002173175369960423
905,2021-08-06,27.649999618530273,0.0036297780123057954
906,2021-08-09,25.520000457763672,-0.07703432875778904
907,2021-08-10,26.29999923706055,0.030564214941445567
908,2021-08-11,28.60000038146973,0.08745251753346595
909,2021-08-12,27.81999969482422,-0.027272750917544886
910,2021-08-13,27.979999542236328,0.005751252665968876
911,2021-08-16,28.38999938964844,0.01465331858898744
912,2021-08-17,27.5,-0.03134904574788233
913,2021-08-18,27.86000061035156,0.013090931285511198
914,2021-08-19,27.809999465942386,-0.0017947287621592478
915,2021-08-20,27.8700008392334,0.0021575467257557435
916,2021-08-23,27.61000061035156,-0.009329035559834997
917,2021-08-24,27.520000457763672,-0.003259693973137523
918,2021-08-25,27.34000015258789,-0.006540708654857674
919,2021-08-26,27.0,-0.012435996733369037
920,2021-08-27,26.10000038146973,-0.03333331920482485
921,2021-08-30,25.540000915527344,-0.02145591792174728
922,2021-08-31,26.25,0.027799493305460388
923,2021-09-01,25.90999984741211,-0.01295238676525301
924,2021-09-02,26.440000534057607,0.020455449238392598
925,2021-09-03,27.209999084472656,0.02912248618993818
926,2021-09-07,28.13999938964844,0.034178623170424416
927,2021-09-08,27.86000061035156,-0.009950205592395345
928,2021-09-09,27.790000915527344,-0.0025125518051211104
929,2021-09-10,28.0,0.007556641869533864
930,2021-09-13,27.25,-0.0267857142857143
931,2021-09-14,27.20000076293945,-0.0018348343875431716
932,2021-09-15,27.28000068664551,0.0029411735831663677
933,2021-09-16,26.3799991607666,-0.03299125744961917
934,2021-09-17,27.170000076293945,0.02994696515010764
935,2021-09-20,25.989999771118164,-0.04343026506670278
936,2021-09-21,25.899999618530273,-0.0034628762362631793
937,2021-09-22,26.40999984741211,0.01969112881827817
938,2021-09-23,26.90999984741211,0.018932222752322092
939,2021-09-24,25.649999618530273,-0.04682275124587221
940,2021-09-27,26.03000068664551,0.014814856677062727
941,2021-09-28,26.10000038146973,0.0026891929687935523
942,2021-09-29,26.3700008392334,0.010344844973847689
943,2021-09-30,26.149999618530273,-0.008342859829409077
944,2021-10-01,26.0,-0.00573612316322869
945,2021-10-04,25.209999084472656,-0.03038465059720552
946,2021-10-05,26.0,0.03133680857663812
947,2021-10-06,25.51000022888184,-0.01884614504300619
948,2021-10-07,25.81999969482422,0.012152076172520232
949,2021-10-08,25.78000068664551,-0.0015491482823961622
950,2021-10-11,26.07999992370605,0.011636897946862623
951,2021-10-12,26.899999618530273,0.031441706181864815
952,2021-10-13,26.61000061035156,-0.01078063242718208
953,2021-10-14,26.10000038146973,-0.019165735331980183
954,2021-10-15,26.70000076293945,0.02298852002683116
955,2021-10-18,26.45000076293945,-0.009363295612598188
956,2021-10-19,26.479999542236328,0.0011341693168838152
957,2021-10-20,26.25,-0.008685783467234254
958,2021-10-21,26.020000457763672,-0.008761887323288642
959,2021-10-22,26.0,-0.0007686570873101095
960,2021-10-25,26.0,0.0
961,2021-10-26,26.239999771118164,0.00923076042762161
962,2021-10-27,26.21999931335449,-0.0007622125738617758
963,2021-10-28,25.920000076293945,-0.011441618799270747
964,2021-10-29,25.46999931335449,-0.017361140494402294
965,2021-11-01,25.899999618530273,0.01688261942552649
966,2021-11-02,25.959999084472656,0.0023165817307371217
967,2021-11-03,26.149999618530273,0.007318973064650791
968,2021-11-04,26.399999618530273,0.009560229584969049
969,2021-11-05,26.10000038146973,-0.011363607628614214
970,2021-11-08,26.0,-0.00383143218422044
971,2021-11-09,25.10000038146973,-0.03461536994347192
972,2021-11-10,24.6299991607666,-0.018725147950599652
973,2021-11-11,24.989999771118164,0.014616346837924787
974,2021-11-12,25.0,0.0004001692266277779
975,2021-11-15,25.25,0.010000000000000009
976,2021-11-16,24.959999084472656,-0.011485184773360135
977,2021-11-17,27.5,0.10176286092524145
978,2021-11-18,29.20000076293945,0.06181820956143458
979,2021-11-19,30.10000038146973,0.030821903938871076
980,2021-11-22,31.13999938964844,0.03455146162785305
981,2021-11-23,30.309999465942386,-0.026653819523900335
982,2021-11-24,32.27000045776367,0.06466516088275176
983,2021-11-26,31.399999618530273,-0.02696005041500049
984,2021-11-29,31.559999465942386,0.005095536603691331
985,2021-11-30,30.54999923706055,-0.032002542648068344
986,2021-12-01,30.88999938964844,0.011129301508310041
987,2021-12-02,30.270000457763672,-0.02007118627825344
988,2021-12-03,29.38999938964844,-0.029071722986694803
989,2021-12-06,29.75,0.012249085329289144
990,2021-12-07,30.649999618530273,0.030252088017824308
991,2021-12-08,31.31999969482422,0.02185970912341806
992,2021-12-09,30.739999771118164,-0.018518516263009488
993,2021-12-10,30.79999923706055,0.0019518369027042848
994,2021-12-13,30.399999618530273,-0.012987000923330272
995,2021-12-14,31.09000015258789,0.022697386273552
996,2021-12-15,29.71999931335449,-0.04406564273108782
997,2021-12-16,30.65999984741211,0.031628551674805605
998,2021-12-17,30.15999984741211,-0.016307893101382476
999,2021-12-20,30.40999984741211,0.00828912471037202
1000,2021-12-21,30.649999618530273,0.007892133256244938
1001,2021-12-22,30.25,-0.013050558678912472
1002,2021-12-23,30.45000076293945,0.00661159546907264
1003,2021-12-27,31.0,0.018062371864697946
1004,2021-12-28,31.0,0.0
1005,2021-12-29,30.0,-0.032258064516129004
1006,2021-12-30,29.790000915527344,-0.006999969482421875
1007,2021-12-31,29.45000076293945,-0.01141323068609501
1008,2022-01-03,31.29999923706055,0.06281828272307477
1009,2022-01-04,31.29999923706055,0.0
1010,2022-01-05,29.940000534057607,-0.043450438854728324
1011,2022-01-06,29.989999771118164,0.0016699811679590226
1012,2022-01-07,29.11000061035156,-0.029343086611627323
1013,2022-01-10,28.489999771118164,-0.02129855122754354
1014,2022-01-11,28.309999465942386,-0.006318017080444216
1015,2022-01-12,28.809999465942386,0.017661604006793175
1016,2022-01-13,28.479999542236328,-0.011454353690501295
1017,2022-01-14,28.3700008392334,-0.0038623140720139837
1018,2022-01-18,27.709999084472656,-0.023264072444016737
1019,2022-01-19,27.56999969482422,-0.005052305820063552
1020,2022-01-20,25.75,-0.06601377275915932
1021,2022-01-21,25.459999084472656,-0.011262171476790095
1022,2022-01-24,26.0,0.02120977749196684
1023,2022-01-25,26.29999923706055,0.011538432194636572
1024,2022-01-26,27.5,0.045627406758570244
